-- MySQL dump 10.13  Distrib 5.5.9, for Win32 (x86)
--
-- Host: localhost    Database: firefly_clinic
-- ------------------------------------------------------
-- Server version	5.5.11

/*!40101 SET @OLD_CHARACTER_SET_CLIENT=@@CHARACTER_SET_CLIENT */;
/*!40101 SET @OLD_CHARACTER_SET_RESULTS=@@CHARACTER_SET_RESULTS */;
/*!40101 SET @OLD_COLLATION_CONNECTION=@@COLLATION_CONNECTION */;
/*!40101 SET NAMES utf8 */;
/*!40103 SET @OLD_TIME_ZONE=@@TIME_ZONE */;
/*!40103 SET TIME_ZONE='+00:00' */;
/*!40014 SET @OLD_UNIQUE_CHECKS=@@UNIQUE_CHECKS, UNIQUE_CHECKS=0 */;
/*!40014 SET @OLD_FOREIGN_KEY_CHECKS=@@FOREIGN_KEY_CHECKS, FOREIGN_KEY_CHECKS=0 */;
/*!40101 SET @OLD_SQL_MODE=@@SQL_MODE, SQL_MODE='NO_AUTO_VALUE_ON_ZERO' */;
/*!40111 SET @OLD_SQL_NOTES=@@SQL_NOTES, SQL_NOTES=0 */;

--
-- Current Database: `firefly_clinic`
--

CREATE DATABASE /*!32312 IF NOT EXISTS*/ `firefly_clinic` /*!40100 DEFAULT CHARACTER SET utf8 */;

USE `firefly_clinic`;

--
-- Table structure for table `acompanhamento`
--

DROP TABLE IF EXISTS `acompanhamento`;
/*!40101 SET @saved_cs_client     = @@character_set_client */;
/*!40101 SET character_set_client = utf8 */;
CREATE TABLE `acompanhamento` (
  `id_acompanhamento` bigint(20) NOT NULL AUTO_INCREMENT,
  `id_paciente` bigint(20) NOT NULL,
  `descricao` text NOT NULL,
  `data_cadastro` datetime NOT NULL,
  PRIMARY KEY (`id_acompanhamento`),
  KEY `FK_ACOMPANHAMENTO_PACIENTE` (`id_paciente`),
  CONSTRAINT `FK_ACOMPANHAMENTO_PACIENTE` FOREIGN KEY (`id_paciente`) REFERENCES `paciente` (`id_paciente`) ON DELETE NO ACTION ON UPDATE NO ACTION
) ENGINE=InnoDB AUTO_INCREMENT=22 DEFAULT CHARSET=utf8;
/*!40101 SET character_set_client = @saved_cs_client */;

--
-- Dumping data for table `acompanhamento`
--

LOCK TABLES `acompanhamento` WRITE;
/*!40000 ALTER TABLE `acompanhamento` DISABLE KEYS */;
INSERT INTO `acompanhamento` VALUES (1,1,'ELE ESTÁ UM POUCO CHATEADO PORQUE ESTÁ DEMORANDO.','2011-09-22 00:00:00'),(4,2,'FDGDFGDFG','2011-10-22 00:00:00'),(6,1,'GFDHGFHGF','2011-10-23 00:00:00'),(10,1,'JESSICA','2011-10-23 00:00:00'),(11,1,'CARLOS','2011-10-23 00:00:00'),(14,1,'RONALDO','2011-10-23 00:00:00'),(15,1,'PEDRINHO','2011-10-23 00:00:00'),(18,2,'ARMANDOFDGDFGDFGGFHHHHHHHHHHHHHHHHHHHHHHHHHHHHHHHHHHHHHHHHHHHHHHHHHHHHHHHHHHHHHHHHHHHHHHHHHHHHHHHHHHHHHHHHHHHHHHHHHHHHHHHHHHHHHHHHHHHHHHHHHHHHHHHHHHHHHHHHHHHHHHHHHHHHHHHHHHHHHHHHHHHHHHHHHHHHHHHHHHHHHHHHHHHHHFDGDFGDFGGFHHHHHHHHHHHHHHHHHHHHHHHHHHHHHHHHHHHHHHHHHHHHHHHHHHHHHHHHHHHHHHHHHHHHHHHHHHHHHHHHHHHHHHHHHHHHHHHHHHHHHHHHHHHHHHHHHHHHHHHHHHHHHHHHHHHHHHHHHHHHHHHHHHHHHHHHHHHHHHHHHHHHHHHHHHHHHHHHHHHHHHHHHHHHHFDGDFGDFGGFHHHHHHHHHHHHHHHHHHHHHHHHHHHHHHHHHHHHHHHHHHHHHHHHHHHHHHHHHHHHHHHHHHHHHHHHHHHHHHHHHHHHHHHHHHHHHHHHHHHHHHHHHHHHHHHHHHHHHHHHHHHHHHHHHHHHHHHHHHHHHHHHHHHHHHHHHHHHHHHHHHHHHHHHHHHHHHHHHHHHHHHHHHHHHFDGDFGDFGGFHHHHHHHHHHHHHHHHHHHHHHHHHHHHHHHHHHHHHHHHHHHHHHHHHHHHHHHHHHHHHHHHHHHHHHHHHHHHHHHHHHHHHHHHHHHHHHHHHHHHHHHHHHHHHHHHHHHHHHHHHHHHHHHHHHHHHHHHHHHHHHHHHHHHHHHHHHHHHHHHHHHHHHHHHHHHHHHHHHHHHHHHHHHHHFDGDFGDFGGFHHHHHHHHHHHHHHHHHHHHHHHHHHHHHHHHHHHHHHHHHHHHHHHHHHHHHHHHHHHHHHHHHHHHHHHHHHHHHHHHHHHHHHHHHHHHHHHHHHHHHHHHHHHHHHHHHHHHHHHHHHHHHHHHHHHHHHHHHHHHHHHHHHHHHHHHHHHHHHHHHHHHHHHHHHHHHHHHHHHHHHHHHHHHHFDGDFGDFGGFHHHHHHHHHHHHHHHHHHHHHHHHHHHHHHHHHHHHHHHHHHHHHHHHHHHHHHHHHHHHHHHHHHHHHHHHHHHHHHHHHHHHHHHHHHHHHHHHHHHHHHHHHHHHHHHHHHHHHHHHHHHHHHHHHHHHHHHHHHHHHHHHHHHHHHHHHHHHHHHHHHHHHHHHHHHHHHHHHHHHHHHHHHHHHFDGDFGDFGGFHHHHHHHHHHHHHHHHHHHHHHHHHHHHHHHHHHHHHHHHHHHHHHHHHHHHHHHHHHHHHHHHHHHHHHHHHHHHHHHHHHHHHHHHHHHHHHHHHHHHHHHHHHHHHHHHHHHHHHHHHHHHHHHHHHHHHHHHHHHHHHHHHHHHHHHHHHHHHHHHHHHHHHHHHHHHHHHHHHHHHHHHHHHHHFDGDFGDFGGFHHHHHHHHHHHHHHHHHHHHHHHHHHHHHHHHHHHHHHHHHHHHHHHHHHHHHHHHHHHHHHHHHHHHHHHHHHHHHHHHHHHHHHHHHHHHHHHHHHHHHHHHHHHHHHHHHHHHHHHHHHHHHHHHHHHHHHHHHHHHHHHHHHHHHHHHHHHHHHHHHHHHHHHHHHHHHHHHHHHHHHHHHHHHHFDGDFGDFGGFHHHHHHHHHHHHHHHHHHHHHHHHHHHHHHHHHHHHHHHHHHHHHHHHHHHHHHHHHHHHHHHHHHHHHHHHHHHHHHHHHHHHHHHHHHHHHHHHHHHHHHHHHHHHHHHHHHHHHHHHHHHHHHHHHHHHHHHHHHHHHHHHHHHHHHHHHHHHHHHHHHHHHHHHHHHHHHHHHHHHHHHHHHHHHFDGDFGDFGGFHHHHHHHHHHHHHHHHHHHHHHHHHHHHHHHHHHHHHHHHHHHHHHHHHHHHHHHHHHHHHHHHHHHHHHHHHHHHHHHHHHHHHHHHHHHHHHHHHHHHHHHHHHHHHHHHHHHHHHHHHHHHHHHHHHHHHHHHHHHHHHHHHHHHHHHHHHHHHHHHHHHHHHHHHHHHHHHHHHHHHH','2011-10-25 00:00:00'),(19,1,'GFGDFGDFGD','2011-10-25 00:00:00'),(20,1,'DFSDFSDGFG','2011-10-25 00:00:00'),(21,1,'SSSSSSSSSS','2011-10-25 00:00:00');
/*!40000 ALTER TABLE `acompanhamento` ENABLE KEYS */;
UNLOCK TABLES;

--
-- Table structure for table `agenda`
--

DROP TABLE IF EXISTS `agenda`;
/*!40101 SET @saved_cs_client     = @@character_set_client */;
/*!40101 SET character_set_client = utf8 */;
CREATE TABLE `agenda` (
  `id_agenda` bigint(20) NOT NULL AUTO_INCREMENT,
  `data` datetime NOT NULL,
  `horario` varchar(5) NOT NULL,
  `descricao` varchar(255) NOT NULL,
  PRIMARY KEY (`id_agenda`)
) ENGINE=InnoDB AUTO_INCREMENT=19 DEFAULT CHARSET=utf8;
/*!40101 SET character_set_client = @saved_cs_client */;

--
-- Dumping data for table `agenda`
--

LOCK TABLES `agenda` WRITE;
/*!40000 ALTER TABLE `agenda` DISABLE KEYS */;
INSERT INTO `agenda` VALUES (6,'2011-10-03 00:00:00','07:30','DFGFD'),(7,'2011-10-03 00:00:00','08:00','AA'),(8,'2011-10-04 00:00:00','08:30','SDFDF'),(9,'2011-10-06 00:00:00','08:00','AA'),(11,'2011-10-27 00:00:00','08:00','SRER'),(12,'2011-10-27 00:00:00','07:00','RTERT'),(13,'2011-10-27 00:00:00','07:30','ARMANDO'),(17,'2012-03-14 00:00:00','08:30','DASD'),(18,'2012-03-03 00:00:00','07:00','AS');
/*!40000 ALTER TABLE `agenda` ENABLE KEYS */;
UNLOCK TABLES;

--
-- Table structure for table `financeiro`
--

DROP TABLE IF EXISTS `financeiro`;
/*!40101 SET @saved_cs_client     = @@character_set_client */;
/*!40101 SET character_set_client = utf8 */;
CREATE TABLE `financeiro` (
  `id` bigint(20) NOT NULL AUTO_INCREMENT,
  `tipo` enum('RECEITA','DESPESA') NOT NULL,
  `data` date NOT NULL,
  `valor` varchar(45) NOT NULL,
  `pagamento` varchar(40) NOT NULL,
  `descricao` varchar(100) NOT NULL,
  PRIMARY KEY (`id`)
) ENGINE=InnoDB AUTO_INCREMENT=4 DEFAULT CHARSET=utf8;
/*!40101 SET character_set_client = @saved_cs_client */;

--
-- Dumping data for table `financeiro`
--

LOCK TABLES `financeiro` WRITE;
/*!40000 ALTER TABLE `financeiro` DISABLE KEYS */;
INSERT INTO `financeiro` VALUES (1,'DESPESA','2012-03-03','12','Cartao','AA'),(2,'DESPESA','2012-03-15','1212','Cartao','AA'),(3,'RECEITA','2012-03-03','1212','Dinheiro','AAA');
/*!40000 ALTER TABLE `financeiro` ENABLE KEYS */;
UNLOCK TABLES;

--
-- Table structure for table `paciente`
--

DROP TABLE IF EXISTS `paciente`;
/*!40101 SET @saved_cs_client     = @@character_set_client */;
/*!40101 SET character_set_client = utf8 */;
CREATE TABLE `paciente` (
  `id_paciente` bigint(20) NOT NULL AUTO_INCREMENT,
  `nome` varchar(100) NOT NULL,
  `idade` varchar(2) NOT NULL,
  `data_nascimento` datetime NOT NULL,
  `email` varchar(50) DEFAULT NULL,
  `escolaridade` varchar(40) NOT NULL,
  `profissao` varchar(60) DEFAULT NULL,
  `naturalidade` varchar(60) NOT NULL,
  `nome_pai` varchar(100) DEFAULT NULL,
  `escolaridade_pai` varchar(40) DEFAULT NULL,
  `nome_mae` varchar(100) DEFAULT NULL,
  `escolaridade_mae` varchar(40) DEFAULT NULL,
  `numero_irmaos` varchar(2) DEFAULT NULL,
  `estado_civil` varchar(30) NOT NULL,
  `nome_conjuge` varchar(100) DEFAULT NULL,
  `endereco` varchar(300) NOT NULL,
  `numero` varchar(4) NOT NULL,
  `complemento` varchar(30) DEFAULT NULL,
  `bairro` varchar(60) DEFAULT NULL,
  `cep` varchar(10) DEFAULT NULL,
  `local_trabalho` varchar(60) DEFAULT NULL,
  `telefone_residencial_ddd` varchar(2) NOT NULL,
  `telefone_residencial` varchar(9) NOT NULL,
  `telefone_comercial_ddd` varchar(2) DEFAULT NULL,
  `telefone_comercial` varchar(9) DEFAULT NULL,
  `telefone_celular_ddd` varchar(2) DEFAULT NULL,
  `telefone_celular` varchar(9) DEFAULT NULL,
  `data_cadastro` datetime NOT NULL,
  PRIMARY KEY (`id_paciente`)
) ENGINE=InnoDB AUTO_INCREMENT=3 DEFAULT CHARSET=utf8;
/*!40101 SET character_set_client = @saved_cs_client */;

--
-- Dumping data for table `paciente`
--

LOCK TABLES `paciente` WRITE;
/*!40000 ALTER TABLE `paciente` DISABLE KEYS */;
INSERT INTO `paciente` VALUES (1,'ANTONIO ARMANDO COUTO BEM FILHO','22','2011-10-22 00:00:00','ARMANDO-COUTO@HOTMAIL.COM','Superior Incomp','ESTUDANTE','FORTALEZENCE','ANTONIO ARMANDO COUTO BEM','Superior Comp','MARIA DE FATIMA PLUTARCO COUTO','Superior Incomp','01','Namorando','JESSICA ADAMY DE MORAES SAMPAIO','RUA VILEBALDO AGUIA','2220','APTO. 102','COCO','60.192-035','UNIFOR','85','3023-6284','85','3023-6285','85','8896-0206','2011-10-22 00:00:00'),(2,'JESSICA ADAMY','20','2011-10-22 00:00:00','JESSICA_ADAMY@HOTMAIL.COM','Superior Incomp','PROGRAMADORA','FORTALEZENCE','CARLOS FLÁVIO','Superior Comp','VAL','Médio Comp','01','Namorando','ARMANDO COUTO','RUA BATISTA DE OLIVEIRA','0780','APTO. 501','COCO','  .   -   ','VIA LÓGICA SISTEMAS','85','3241-3364','  ','    -    ','  ','    -    ','2011-10-22 00:00:00');
/*!40000 ALTER TABLE `paciente` ENABLE KEYS */;
UNLOCK TABLES;

--
-- Table structure for table `usuario`
--

DROP TABLE IF EXISTS `usuario`;
/*!40101 SET @saved_cs_client     = @@character_set_client */;
/*!40101 SET character_set_client = utf8 */;
CREATE TABLE `usuario` (
  `login` varchar(50) NOT NULL,
  `senha` varchar(20) NOT NULL,
  `papel` varchar(50) NOT NULL,
  PRIMARY KEY (`login`)
) ENGINE=InnoDB DEFAULT CHARSET=utf8;
/*!40101 SET character_set_client = @saved_cs_client */;

--
-- Dumping data for table `usuario`
--

LOCK TABLES `usuario` WRITE;
/*!40000 ALTER TABLE `usuario` DISABLE KEYS */;
INSERT INTO `usuario` VALUES ('AA','aa','GERENTE'),('ARMANDO','408867','GERENTE'),('BB','bb','FUNCIONARIO'),('BIANCA','123','GERENTE');
/*!40000 ALTER TABLE `usuario` ENABLE KEYS */;
UNLOCK TABLES;
/*!40103 SET TIME_ZONE=@OLD_TIME_ZONE */;

/*!40101 SET SQL_MODE=@OLD_SQL_MODE */;
/*!40014 SET FOREIGN_KEY_CHECKS=@OLD_FOREIGN_KEY_CHECKS */;
/*!40014 SET UNIQUE_CHECKS=@OLD_UNIQUE_CHECKS */;
/*!40101 SET CHARACTER_SET_CLIENT=@OLD_CHARACTER_SET_CLIENT */;
/*!40101 SET CHARACTER_SET_RESULTS=@OLD_CHARACTER_SET_RESULTS */;
/*!40101 SET COLLATION_CONNECTION=@OLD_COLLATION_CONNECTION */;
/*!40111 SET SQL_NOTES=@OLD_SQL_NOTES */;

-- Dump completed on 2012-03-03 18:39:01
